departamento,modalidad_de_contratacion,contratos,valor
Amazonas,Concurso de méritos abierto,11,8098748651.0
Amazonas,Contratación directa,7,15204709976.0
Amazonas,Licitación pública Obra Publica,5,45139989352.0
Amazonas,Mínima cuantía,3,270724600.0
Amazonas,Selección Abreviada de Menor Cuantía,2,1521818476.0
Antioquia,Concurso de méritos abierto,69,145607026304.92
Antioquia,Contratación Directa (con ofertas),6,271124378122.0
Antioquia,Contratación directa,278,821796711563.1
Antioquia,Licitación pública,8,11329724466.0
Antioquia,Licitación pública Obra Publica,15,1289411610857.0
Antioquia,Mínima cuantía,75,5196643755.77
Antioquia,Seleccion Abreviada Menor Cuantia Sin Manifestacion Interes,3,7569219838.0
Antioquia,Selección Abreviada de Menor Cuantía,21,12465670164.43
Arauca,Concurso de méritos abierto,7,6041720932.0
Arauca,Contratación directa,38,142076432496.52002
Arauca,Licitación pública Obra Publica,3,6442761363.62
Arauca,Mínima cuantía,8,699805691.0
Arauca,Selección Abreviada de Menor Cuantía,4,1903413706.0
Atlántico,Concurso de méritos abierto,11,21328388761.38
Atlántico,Contratación directa,88,192795035697.5
Atlántico,Licitación pública Obra Publica,3,6294671808.440001
Atlántico,Mínima cuantía,41,2549500976.0
Atlántico,Seleccion Abreviada Menor Cuantia Sin Manifestacion Interes,1,1131093646.0
Atlántico,Selección Abreviada de Menor Cuantía,9,2492045604.0
Bogotá D.C.,Concurso de méritos abierto,4,6724432824.0
Bogotá D.C.,Contratación directa,2,240950000.0
Bogotá D.C.,Contratación régimen especial (con ofertas),1,0.1
Bogotá D.C.,Licitación pública Obra Publica,2,52596315828.0
Bogotá D.C.,Mínima cuantía,12,844784714.92
Bogotá D.C.,Selección Abreviada de Menor Cuantía,2,2601439857.0
Bolívar,Concurso de méritos abierto,29,43243732555.5
Bolívar,Contratación directa,187,210999562265.31
Bolívar,Licitación pública,2,3093450493.0
Bolívar,Licitación pública Obra Publica,9,184129680438.0
Bolívar,Mínima cuantía,70,4546701948.0
Bolívar,Selección Abreviada de Menor Cuantía,21,11367351374.36
Boyacá,Concurso de méritos abierto,64,126294887439.56
Boyacá,Contratación Directa (con ofertas),1,315036000000.0
Boyacá,Contratación directa,238,162043373799.5
Boyacá,Licitación pública,29,32830435667.0
Boyacá,Licitación pública Obra Publica,55,495070629339.97003
Boyacá,Mínima cuantía,107,9084934651.28
Boyacá,Selección Abreviada de Menor Cuantía,27,12532177252.03
Caldas,Concurso de méritos abierto,24,19349729540.0
Caldas,Contratación Directa (con ofertas),9,7190010715.3
Caldas,Contratación directa,116,628221653100.0
Caldas,Licitación pública,5,7088356362.0
Caldas,Licitación pública Obra Publica,15,20117770959.0
Caldas,Mínima cuantía,59,4433747002.0
Caldas,Selección Abreviada de Menor Cuantía,16,7955103194.0
Caquetá,Concurso de méritos abierto,27,30637384898.0
Caquetá,Contratación Directa (con ofertas),2,4326272253.0
Caquetá,Contratación directa,104,49109582611.66
Caquetá,Licitación pública,11,13959680817.1
Caquetá,Licitación pública Obra Publica,26,66883398353.0
Caquetá,Mínima cuantía,82,5284934708.4
Caquetá,Seleccion Abreviada Menor Cuantia Sin Manifestacion Interes,3,3409116234.0
Caquetá,Selección Abreviada de Menor Cuantía,13,5670567082.0
Caquetá,Selección abreviada subasta inversa,3,3211107182.0
Casanare,Concurso de méritos abierto,25,26787060743.0
Casanare,Contratación directa,101,108137972792.33
Casanare,Licitación pública,14,18839480989.0
Casanare,Licitación pública Obra Publica,3,9611081080.0
Casanare,Mínima cuantía,61,3451776990.5
Casanare,Seleccion Abreviada Menor Cuantia Sin Manifestacion Interes,1,1301205663.0
Casanare,Selección Abreviada de Menor Cuantía,14,5187109451.0
Cauca,Concurso de méritos abierto,58,96658368659.0
Cauca,Contratación Directa (con ofertas),1,13026230310.94
Cauca,Contratación directa,209,258547594413.5
Cauca,Licitación pública,43,40090587689.0
Cauca,Licitación pública Obra Publica,47,1591550199945.56
Cauca,Mínima cuantía,74,5846554922.28
Cauca,Seleccion Abreviada Menor Cuantia Sin Manifestacion Interes,5,5859257285.0
Cauca,Selección Abreviada de Menor Cuantía,27,14005244739.05
Cauca,Selección abreviada subasta inversa,1,252132929.0
Cesar,Concurso de méritos abierto,24,33976750537.0
Cesar,Contratación directa,124,96142787892.84
Cesar,Licitación pública,18,32317323616.0
Cesar,Licitación pública Obra Publica,18,130475835415.0
Cesar,Mínima cuantía,62,3737653684.26
Cesar,Selección Abreviada de Menor Cuantía,20,9911780699.46
Chocó,Concurso de méritos abierto,45,49327880892.619995
Chocó,Contratación directa,105,59622731857.35
Chocó,Licitación pública,10,6051975947.11
Chocó,Licitación pública Obra Publica,29,184714043703.0
Chocó,Mínima cuantía,48,3096262425.8
Chocó,Seleccion Abreviada Menor Cuantia Sin Manifestacion Interes,3,4033955029.0
Chocó,Selección Abreviada de Menor Cuantía,10,5205149223.0
Cundinamarca,Concurso de méritos abierto,31,31524035077.45
Cundinamarca,Contratación directa,209,122787518845.0
Cundinamarca,Licitación pública,4,12400506082.0
Cundinamarca,Licitación pública Obra Publica,11,88314529807.0
Cundinamarca,Mínima cuantía,101,6748946734.48
Cundinamarca,Selección Abreviada de Menor Cuantía,31,12864327797.0
Córdoba,Concurso de méritos abierto,46,88690919013.9
Córdoba,Contratación directa,239,630357468809.5
Córdoba,Licitación pública,14,43115352786.39
Córdoba,Licitación pública Obra Publica,25,205427622316.0
Córdoba,Mínima cuantía,91,5245652474.19
Córdoba,Selección Abreviada de Menor Cuantía,10,5159727177.0
Córdoba,Selección abreviada subasta inversa,2,936254277.0
Guainía,Concurso de méritos abierto,5,2605483291.0
Guainía,Contratación directa,3,1156307109.0
Guainía,Licitación pública Obra Publica,1,2059857695.0
Guainía,Mínima cuantía,2,216433102.0
Guainía,Selección Abreviada de Menor Cuantía,2,1523419837.0
Guaviare,Concurso de méritos abierto,11,26211742219.38
Guaviare,Contratación directa,31,27578800256.0
Guaviare,Licitación pública Obra Publica,2,199811601102.0
Guaviare,Mínima cuantía,10,693213564.64
Guaviare,Selección Abreviada de Menor Cuantía,3,1671945895.0
Huila,Concurso de méritos abierto,33,45163367922.8
Huila,Contratación Directa (con ofertas),1,250000000.0
Huila,Contratación directa,186,194388048420.0
Huila,Licitación pública,18,29259214038.0
Huila,Licitación pública Obra Publica,29,150300501415.38
Huila,Mínima cuantía,80,4644640098.55
Huila,Selección Abreviada de Menor Cuantía,24,10649052851.03
Huila,Selección abreviada subasta inversa,1,248975241.0
La Guajira,Concurso de méritos abierto,25,31035626038.64
La Guajira,Contratación directa,115,151861322318.97
La Guajira,Licitación pública,2,2895006873.0
La Guajira,Licitación pública Obra Publica,7,389407092493.0
La Guajira,Mínima cuantía,38,2516197587.9
La Guajira,Seleccion Abreviada Menor Cuantia Sin Manifestacion Interes,1,1006666971.0
La Guajira,Selección Abreviada de Menor Cuantía,8,3056730683.1
Magdalena,Concurso de méritos abierto,27,45513748511.41
Magdalena,Contratación directa,165,148733087856.35
Magdalena,Licitación pública,2,1825886062.0
Magdalena,Licitación pública Obra Publica,10,111312059351.0
Magdalena,Mínima cuantía,57,4150514721.82
Magdalena,Selección Abreviada de Menor Cuantía,23,10875764840.0
Meta,Concurso de méritos abierto,36,62525699483.49
Meta,Contratación directa,139,99228138682.26
Meta,Licitación pública,12,16288699781.0
Meta,Licitación pública Obra Publica,17,408483442924.0
Meta,Mínima cuantía,75,4809658064.22
Meta,Selección Abreviada de Menor Cuantía,18,6916491736.28
Nariño,Concurso de méritos abierto,61,157355912115.0
Nariño,Contratación directa,222,336560783843.0
Nariño,Licitación pública,19,11170713430.0
Nariño,Licitación pública Obra Publica,56,1593628980946.2
Nariño,Mínima cuantía,86,5931752417.76
Nariño,Seleccion Abreviada Menor Cuantia Sin Manifestacion Interes,14,33618165852.0
Nariño,Selección Abreviada de Menor Cuantía,24,10640859039.34
Norte de Santander,Concurso de méritos abierto,36,87737239220.13
Norte de Santander,Contratación directa,160,257202030066.07
Norte de Santander,Licitación pública,16,9948686880.0
Norte de Santander,Licitación pública Obra Publica,29,910352440103.6799
Norte de Santander,Mínima cuantía,112,7011641329.1
Norte de Santander,Seleccion Abreviada Menor Cuantia Sin Manifestacion Interes,5,5730703410.0
Norte de Santander,Selección Abreviada de Menor Cuantía,29,17441872312.53
Putumayo,Concurso de méritos abierto,20,24193917832.0
Putumayo,Contratación directa,90,44812652649.6
Putumayo,Licitación pública,6,19374984186.0
Putumayo,Licitación pública Obra Publica,15,1372469254709.0
Putumayo,Mínima cuantía,58,3039127613.2
Putumayo,Seleccion Abreviada Menor Cuantia Sin Manifestacion Interes,2,2101612719.0
Putumayo,Selección Abreviada de Menor Cuantía,19,10328376090.52
Quindío,Concurso de méritos abierto,15,13675205640.0
Quindío,Contratación Directa (con ofertas),1,5419238921.23
Quindío,Contratación directa,89,49430349319.0
Quindío,Licitación pública,2,221488612247.0
Quindío,Licitación pública Obra Publica,6,21644153443.0
Quindío,Mínima cuantía,35,1653655093.99
Quindío,Selección Abreviada de Menor Cuantía,11,3698428208.1
Risaralda,Concurso de méritos abierto,23,30594753033.2
Risaralda,Contratación Directa (con ofertas),1,2507737159.05
Risaralda,Contratación directa,83,129213430132.0
Risaralda,Licitación pública,11,6817412888.0
Risaralda,Licitación pública Obra Publica,10,6639737766.0
Risaralda,Mínima cuantía,52,3357001204.76
Risaralda,Seleccion Abreviada Menor Cuantia Sin Manifestacion Interes,2,2186780318.0
Risaralda,Selección Abreviada de Menor Cuantía,16,6714971437.0
San Andrés y Providencia,Concurso de méritos abierto,7,6746163319.0
San Andrés y Providencia,Contratación directa,9,93222119371.34
San Andrés y Providencia,Licitación pública,1,1737256500.0
San Andrés y Providencia,Licitación pública Obra Publica,1,20381638080.0
San Andrés y Providencia,Mínima cuantía,1,31781524.0
Santander,Concurso de méritos abierto,50,114957543195.0
Santander,Contratación Directa (con ofertas),3,82583809324.0
Santander,Contratación directa,215,423579712941.0
Santander,Licitación pública,31,231832471928.0
Santander,Licitación pública Obra Publica,23,109850972819.0
Santander,Mínima cuantía,82,5476774581.11
Santander,Selección Abreviada de Menor Cuantía,14,5053260315.0
Sucre,Concurso de méritos abierto,30,55616618820.0
Sucre,Contratación directa,163,188270539041.48
Sucre,Licitación pública,4,2417648254.0
Sucre,Licitación pública Obra Publica,6,11725512904.55
Sucre,Mínima cuantía,68,3725257326.19
Sucre,Selección Abreviada de Menor Cuantía,22,7484992556.4
Tolima,Concurso de méritos abierto,26,32225389811.03
Tolima,Contratación directa,191,322891048866.63
Tolima,Licitación pública,5,423883577126.0
Tolima,Licitación pública Obra Publica,7,14513570336.0
Tolima,Mínima cuantía,72,4935896559.0
Tolima,Seleccion Abreviada Menor Cuantia Sin Manifestacion Interes,2,2746934384.0
Tolima,Selección Abreviada de Menor Cuantía,31,17731181599.0
Valle del Cauca,Concurso de méritos abierto,33,57304207641.08
Valle del Cauca,Contratación Directa (con ofertas),1,5392264922.28
Valle del Cauca,Contratación directa,99,81266713106.0
Valle del Cauca,Licitación pública,1,4000000000.0
Valle del Cauca,Licitación pública Obra Publica,13,374800885389.0
Valle del Cauca,Mínima cuantía,18,1133417566.14
Valle del Cauca,Selección Abreviada de Menor Cuantía,7,3497388012.0
Vaupés,Concurso de méritos abierto,7,3076906681.0
Vaupés,Contratación directa,2,989147382.0
Vaupés,Licitación pública Obra Publica,3,5871821018.0
Vaupés,Mínima cuantía,2,147617244.0
Vichada,Contratación directa,8,3953055616.0
Vichada,Mínima cuantía,6,318843336.0
Vichada,Seleccion Abreviada Menor Cuantia Sin Manifestacion Interes,1,330612407.0
Vichada,Selección Abreviada de Menor Cuantía,2,1249924120.0
